strat_unit,color_hex
?dr,#ffdeed
?g,#ffdeed
?gr,#ffdeed
?gs,#dbccf7
?mc,#dbccf7
?ml,#dbccf7
?mm,#dbccf7
?og,#ffdeed
?qd,#ffdeed
?qm,#ffdeed
?to,#ffdeed
CCCTHvm,#b1a5e7
CJBRm,#d7b0d9
CJBRsv,#c59fd7
CJBRus,#a459e8
CKSC,#99adac
CmA,#e77c72
CmAlm,#e77c72
CmAqz,#e77c72
CmAs,#e77c72
CmCD,#A07C78
Cmcg,#e8ae97
CmDBI,#ab7d00
CmDEB,#ccd891
CmDEBlm,#ccd891
CmDEBmc,#ccd891
CmDEBqz,#ccd891
CmDLB,#80b5d5
CmDLI,#80b5d5
CmDLJ,#80b5d5
CmDLL,#80b5d5
CmDlm,#e8ae97
CmDLT,#80b5d5
CmGL,#e8ae97
CmGlm,#ab7d00
CmGs,#ab7d00
CmGsc,#ab7d00
CmGsf,#ab7d00
CmL,#e77c72
Cmlm,#e8ae97
CmMB,#80b5d5
CmMRE,#5282CE
CmMsf,#999791
CmN,#e8ae97
CmOHt,#ff8cb5
CmOK,#d4bfcc
CmOKlc,#d4bfcc
CmOKlm,#d4bfcc
CmOlc,#e8ae97
CmOM,#e8ae97
CmOms,#d4bfcc
CmORz,#80b5d5
CmOs,#e8ae97
Cmqz,#e8ae97
Cms,#e8ae97
Cmsf,#e8ae97
Cmst,#e8ae97
CPA,#99bdda
CPAS,#80cec9
CPCgs,#8a2be2
CPch,#99d8d8
CPdr,#d487b5
CPF,#80cec9
CPFLsv,#cbcdc8
CPFUvb,#cbcdc8
CPH,#99bdda
CPKa,#99d8d8
CPKi,#80cec9
CPKo,#b587fa
CPlc,#99d8d8
CPm,#b587fa
CPMR,#99bdda
CPMRum,#a800b0
CPog,#d487b5
CPSE,#99bdda
CPSF,#99d8d8
CPSFK,#99d8d8
CPSNlm,#99bdda
CPSNva,#99bdda
CPSsf,#99bdda
CPus,#a800b0
CScg,#99bdda
CSlm,#99bdda
CSsc,#99bdda
CSt,#99d8d8
CSvc,#99bdda
CSvf,#99bdda
CTrBRbs,#999791
CTrCC,#9FA6A3
CTrKcg,#99adac
CTrKsf,#99adac
Czfp,#ffc2bf
Czgr,#ffc2bf
DCBH,#e9c7e2
DCEBFvd,#ccd891
DCEBSKvf,#ccd891
DCEBSst,#ccd891
DCog,#ebadc4
DCqd,#ebadc4
DCQLgr,#ebadc4
DCqm,#ebadc4
Ddo,#80cec9
DEBD,#ccd891
DEBdr,#fcc7db
DEBog,#fcc7db
DEBpg,#ccd891
DEBSk,#ccd891
DEBus,#a800b0
DEBW,#ccd891
DETpg,#dbccf7
DFSA,#cbbddc
di,#ffdeed
DIsy,#fcc7db
DJgd,#fcc7db
DJgs,#99d7be
DJsf,#99d7be
Dlc,#80cec9
DMBE,#8fc4d4
DMBmd,#8fc4d4
DMBsf,#8fc4d4
DMCcg1,#cbbddc
DMCcg2,#fcc7db
DMcg,#dbccf7
DMch,#67b39f
DMCmb,#fcc7db
DMCmc,#cbbddc
DMCmr,#fcc7db
DMCms,#e9c7e2
DMEA,#999791
DMEBF,#ccd891
DMEBR,#ccd891
DMEcg,#999791
DMEG,#999791
DMEmd,#999791
DMEmv,#ffdeed
DMEsf,#999791
DMF,#e9c7e2
DMQ,#ebadc4
DMR,#ebadc4
DMS,#99bdda
DMSPd,#ebadc4
DMSPgd,#fcc7db
DMWgs,#b587fa
DMWml,#b587fa
DMWpg,#b587fa
DMWus,#a800b0
Dog,#fcc7db
DPAgs,#b3e3ee
DPAls,#b3e3ee
DPAs,#b3e3ee
DPAsf,#b3e3ee
DPBa,#67b39f
DPBC,#689fca
DPBCG,#689fca
DPC,#689fca
DPFL,#cbcdc8
DPHlm,#99bdda
DPHRs,#99bdda
DPHsf,#99bdda
DPK,#80cec9
DPRdr,#ebadc4
DPRgd,#ebadc4
DPRum,#a800b0
DPSlm,#99bdda
DPSM,#c4cccf
DPSMUec,#d4b8ff
DPSMUgb,#ebadc4
DPSMUum,#a800b0
DPSs,#99bdda
DPSsv,#99bdda
DPv,#67b39f
Ds,#80cec9
DSlm,#99bdda
DSm,#dbccf7
DSmy,#dbccf7
DSsf,#99bdda
DSv,#99bdda
DSvb,#99bdda
Dsy,#fcc7db
DTrBR,#dbccf7
DTrBRgs,#dbccf7
DTrBRlm,#dbccf7
DTrBRvb,#dbccf7
DTrHlm,#99bdda
DTrHNsv,#99bdda
DTrHsf,#99bdda
DTrHvb,#99bdda
DTrT,#dbccf7
DTrTma,#dbccf7
Dvb,#689fca
EA,#ffc2bf
EAqm,#ffc2bf
EBB,#ffc2bf
EBdr,#ffc2bf
EBfp,#ffc2bf
EBgd,#ffc2bf
EBo,#ffc2bf
EBqd,#ffc2bf
EBqp,#ffc2bf
ECg,#ebadc4
ECgd,#ffc2bf
ECH,#ffc2bf
ECsy,#ffc2bf
EDdr,#fcc7db
EDgd,#fcc7db
Edi,#ffc2bf
EDOCPmp,#fcc7db
EDqd,#fcc7db
Edr,#ffc2bf
EEBvb,#ffb300
EEG,#ffb300
EEv,#ffb300
EEva,#ffb300
EEvb,#ffb300
EEvf,#ffb300
EEvl,#ffb300
EFLgd,#ffc2bf
EFLmi,#ffc2bf
Efp,#ffc2bf
Eg,#ffc2bf
Egb,#ffc2bf
Egd,#ffc2bf
EGo,#ffc2bf
Egr,#ffc2bf
Ei,#ffc2bf
EJAC,#ff8a63
EJAIgd,#ff8a63
EJAIqm,#ff8a63
EJBdb.po,#91FFB4
EJBLdb,#91FFB4
EJCGog,#ff8a63
EJCM,#ff8a63
EJCo,#ff8a63
EJdg,#ff8a63
EJdr,#ff8a63
EJE,#ff8a63
EJEK,#ff8a63
EJETLm,#e6a6ff
EJF,#ff8a63
EJfp,#ff8a63
EJg,#ff8a63
EJgb,#ff8a63
EJgd,#ff8a63
EJGdr,#ff8a63
EJgr,#ff8a63
EJHCsy,#ff8a63
EJHD,#ff8a63
EJHdg,#ff8a63
EJHgb,#ff8a63
EJHgd,#ff8a63
EJHhy,#ff8cb5
EJHqd,#ff8a63
EJHqm,#ff8a63
EJi,#ff8a63
EJKdr,#c74000
EJMLM,#ff8a63
EJmu,#ff9126
EJMy,#ff8a63
EJmz,#ff8a63
EJog,#ff8a63
EJog_my,#ff8a63
EJPo,#ed63fa
EJPUdr,#ffae4a
EJPUdr.s,#ffae4a
EJPUmu,#ed63fa
EJPUum,#ed63fa
EJpx,#ff8a63
EJqd,#ff8a63
EJqm,#ff8a63
EJRo,#ff8a63
EJRRsy,#ff59b5
EJRRsy.l,#ff59b5
EJSK,#ff8a63
EJSPfp,#ff8a63
EJSPgd,#ff8a63
EJSPgr,#ff8a63
EJSPqm,#ff8a63
EJsy,#ff8a63
EJTAfp,#fca89e
EJTASgd,#fa8072
EJTAWgd,#fa7263
EJTCdg,#ff8a63
EJTCqd,#ff8a63
EJTCS,#ff8a63
EJTHgd,#ff8a63
EJTLqd,#fa8072
EJTpfp,#ff9126
EJTpgd,#ff9126
EJTpN,#ff8a63
EJum,#ed63fa
EJZ,#ff8a63
EKaC,#ffc20a
EKACCs,#808000
EKAdi,#ff611f
EKAHCs,#808000
EKaqp,#ffc2bf
EKAs,#808000
EKAsf,#808000
EKATsf,#808000
EKav,#ffc20a
EKAv,#ffc20a
EKAva,#ffc20a
EKBgr,#ffa6b4
EKBRgd,#ffa6b4
EKBRqd,#ffa6b4
EKC,#ff611f
EKCd,#ff611f
EKCgb,#ff611f
EKCgd,#ff611f
EKCogn,#ff611f
EKCqd,#ff611f
EKCqm,#ff611f
EKCt,#ff611f
EKdr,#ff611f
EKEnH,#ff611f
EKFgd,#ff91af
EKfp,#ff611f
EKg,#ff611f
EKgb,#ff611f
EKgd,#ff611f
EKGm,#ff611f
EKgr,#ff611f
EKH,#ff611f
EKHM,#ff611f
EKi,#d18200
EKK,#ff611f
EKLBdr,#fd64a5
EKMAqd,#ff611f
EKMdi,#ff611f
EKMdr,#ff611f
EKMgb,#ff611f
EKMgd,#ff611f
EKMgr,#ff611f
EKMmp,#b3df7f
EKMqd,#ff611f
EKMqm,#ff611f
EKMtr,#ff611f
EKog,#ff611f
EKPdr,#ff7259
EKqd,#ff611f
EKqm,#ff611f
EKqp,#ff611f
EKSCto,#ff611f
EKTLmi,#ff00ff
EKTLog,#ff00ff
EKto,#ff611f
ELKCgt,#ff611f
ELKCt,#ff611f
EMgr,#ebadc4
EMH,#ffc2bf
EMiE,#ffb300
EMJdr,#ff8a63
EMJI,#ffa4a4
EMJIag,#ff8a63
EMJIdr,#ffa4a4
EMJIdr-fp,#ffa4a4
EMJIdr-gd,#ffa4a4
EMJIdr-p,#ffa4a4
EMJIdr-qm,#ffa4a4
EMJIfp,#ff8a63
EMJIg,#ff8a63
EMJIgb,#ffa4a4
EMJIgb-gd,#ffa4a4
EMJIgb-qd,#ffa4a4
EMJIgd,#ffa4a4
EMJIgd-fp,#ffa4a4
EMJIgd-gr,#ffa4a4
EMJIgd-qp,#ffa4a4
EMJIgd-to,#ffa4a4
EMJIpo,#ffa4a4
EMJIqd,#ffa4a4
EMJIqd-fp,#ffa4a4
EMJIqd-gd,#ffa4a4
EMJIqd-gr,#ffa4a4
EMJIqd-qp,#ffa4a4
EMJIqd-to,#ffa4a4
EMJIqmd-gd,#ffa4a4
EMJIqp,#ff8a63
EMJSPd,#ff8a63
EMJSPdb,#ff8a63
EMJSPgd,#ff8a63
EMJTLms,#da70d6
EMJTLmv,#da70d6
EMR,#ebadc4
EMRgd,#ffc2bf
EMto,#ebadc4
ENg,#ffc2bf
ENqm,#ffc2bf
EO,#eaad43
EOH,#eaad43
EOlC,#d18200
EOlCMv,#ffc20a
EOlCMva,#ffc20a
EOlCMvd,#ffc20a
EOldb,#ffc2bf
EOlEs,#eaad43
EOlEv,#ffb300
EOlK,#ffc2bf
EOlM,#ffc2bf
EOLpo,#ffc0cb
EOlS,#d18200
EOls,#ffe01f
EOlT,#ffc2bf
Eolv,#ffc20a
Eolvc,#ffc20a
EOLvf,#eaad43
EON,#eaad43
EONcg,#eaad43
EONva,#eaad43
EONvb,#eaad43
EONvl,#eaad43
EOva,#eaad43
EOvc,#eaad43
EOvd,#eaad43
EOvf,#eaad43
EPeK,#d1ad00
EPeM,#d1ad00
EPeMK,#d1ad00
EPes,#d1ad00
EPev,#d1ad00
EPgb,#d4b8ff
EPnC,#d487b5
EPogn,#d4b8ff
EPr,#eb9301
EPra,#eb9301
EPrb,#d1ad00
EPrBG,#9c7afc
EPrG,#ffc900
EPRgb,#d4b8ff
EPRgd,#d4b8ff
EPRgr,#d4b8ff
EPrM,#ffc900
EProg,#ffc900
EPrpg,#9c7afc
EPrT,#ffc900
EPRto,#d4b8ff
EPrY,#ffc900
EQ,#ffc2bf
Eqm,#ffc2bf
Eqp,#ffc2bf
Er,#ffc2bf
Es,#8fbc8b
EScg,#d1ad00
ESR,#ffc2bf
ESv,#d1ad00
ESva,#d1ad00
ESvb,#d1ad00
ESvc,#d1ad00
ESvf,#d1ad00
ESvl,#d1ad00
ETg,#ffc2bf
ETgd,#ffc2bf
ETgr,#ffc2bf
ETLELog,#da70d6
Eto,#ffc2bf
ETqd,#ffc2bf
ETqm,#ffc2bf
ETS,#ffc2bf
ETSBE,#ffc2bf
ETTs,#ffc2bf
ETz,#d18200
Eum,#ed63fa
Ev,#bee871
Eva,#34e034
Evd,#eaad43
Evf,#ffc20a
HoB,#ffff4d
Hovb,#ffff4d
HoWGvb,#ffff00
JBE,#EBDCBE
JBMC,#EBDCBE
JBRA,#EBDCBE
JBTo,#EBDCBE
JBvf,#91FFB4
Jdr,#c74000
JFe,#85b000
JFesf,#85b000
JFgr,#ff8cb5
Jgd,#c74000
Jgs,#2ba600
JKCe,#cfde00
JKcg,#4db47e
JKCL,#db5700
JKCs,#85b000
JKCsc,#85b000
JKCsf,#85b000
JKdk,#db5700
JKdr,#db5700
JKg,#db5700
JKgd,#db5700
JKGml,#e6a6ff
JKGms,#e6a6ff
JKGmv,#e6a6ff
JKGs,#e6a6ff
JKgs,#cfde00
JKK,#85b000
JKL,#e6a6ff
JKLS,#7fad51
JKM,#db5700
JKRMTMs,#ccebc5
JKsf,#cfde00
JKto,#db5700
Jog,#e6a6ff
Jqd,#c74000
Jqm,#c74000
JSLO,#ff8cb5
Jsy,#c74000
JTfp,#db5700
JTgr,#db5700
JTH,#db5700
JTqd,#db5700
JTqp,#db5700
Jvc,#b3b25e
KAP,#ff611f
KAS,#ff611f
KB,#ff611f
Kca,#eaad43
Kdr,#ff611f
KEv,#bdb76b
KF,#E8F9AE
KFB,#FFF7E6
KFBS,#EBFAC5
KFC,#EBFAC5
KFG,#FFF7E6
KFGa,#EBFAC5
KFGHB,#EBFAC5
KFGt,#FFF7E6
KFHa,#EBFAC5
KFHu,#EBFAC5
KFL,#EBFAC5
KFM,#EBFAC5
Kfp,#ffc0cb
KFS,#FFF7E6
KFSh,#EBFAC5
KFSi,#FFF7E6
KFSsf,#EBFAC5
KFSu,#EBFAC5
Kg,#ff611f
Kgd,#ff611f
Kgr,#ff611f
KGWgd,#ff611f
KJ,#b3df7f
KNa,#ff611f
Kog,#ff611f
KOL,#ff611f
KP,#a3ff30
KPes,#80ff08
KPesc,#80ff08
KPV,#a3ff30
KPW,#a3ff30
KQ,#efe0b3
Kqd,#ff611f
Kqm,#ff611f
Ks,#b3df7f
KSo,#d18200
Ksy,#ff611f
KTCBCs,#7ae000
KTcg,#7fc31c
KTCs,#7ae000
KTCu,#ff9c94
KTgd,#ff9c94
KTgr,#ff9c94
KTi,#ff9c94
KTmm,#e6a6ff
KTqd,#ff9c94
KTqm,#ff9c94
KTqp,#ff9c94
KTS,#FFF0D1
KTSh,#ff9c94
KTSl,#e6a6ff
KTsv,#def197
KTsy,#ff9c94
KTU,#FFF0D1
Ktva,#def197
KTvc,#def197
KTW,#ff9c94
Kvb,#cfde00
KVZ,#b3df7f
KW,#ff611f
KWh,#ff611f
KWpe,#ff611f
lCmAB,#e77c72
lCmAK,#e77c72
lCmAQ,#e77c72
lCmAR,#e77c72
lCmB,#ab7d00
lCmD,#e77c72
lCmEBJ,#ccd891
lCmEBlc,#ccd891
lCmEBlm,#ccd891
lCmEBsf,#ccd891
lCmEBva,#ccd891
lCmG,#ab7d00
lCmGlc,#ab7d00
lCmGlm,#ab7d00
lCmGMa,#ab7d00
lCmGMc,#ab7d00
lCmGMu,#ab7d00
lCmGqz,#ab7d00
lCmH,#ab7d00
lCmlm,#ab7d00
lCmM,#ab7d00
lCmqz,#ab7d00
lCmvk,#ab7d00
LDBSHog,#fcc7db
LDC,#fcc7db
LDFdr,#fcc7db
LDFg,#fcc7db
lDlm,#d4bfcc
lDlMBSgb,#d9307a
lDlMBSus,#a800b0
LDMcdr,#fcc7db
LDMcg,#fcc7db
LDMcgd,#fcc7db
LDMcqm,#fcc7db
lDMW,#e9c7e2
LDR,#fcc7db
LDSa,#fcc7db
lDuTrvc,#67b39f
lJAb,#00bdc7
lJB,#91FFB4
LJBd,#ff4591
LJBgd,#ff4591
lJBHCsn,#ffe490
lJBHCvm,#91FFB4
lJBHCvs,#91FFB4
lJBHsf,#ffe490
lJBHst,#ffe490
lJBLs,#ffe490
lJBLvb.px,#91FFB4
lJBLvf,#91FFB4
lJBLvf-vm.bm,#91FFB4
lJBLvm,#91FFB4
lJBLvm.p,#91FFB4
lJBLvm.vc,#91FFB4
lJBLvm.x,#91FFB4
lJBLvs,#91FFB4
lJBPCsf,#ffe490
LJBqd,#ff4591
LJBqm,#ff4591
LJBt,#ff4591
lJC,#66c092
lJCcg,#66c092
lJCCRCsf,#d8bfd8
lJCs,#66c092
LJCto,#ff6347
lJCvc,#66c092
LJdr,#ff4591
lJEDog,#ffdeed
LJEKPto,#ff7259
LJEnS,#ff8cb5
LJFC,#ff4591
LJFCL,#ff4591
LJFE,#ff4591
LJFF,#ff4591
LJFG,#ff8cb5
LJFN,#ff4591
LJFT,#ff8cb5
lJG,#2ba600
LJgd,#ff4591
lJGvb,#2ba600
lJHAm,#95CBB8
lJHB,#95CBB8
lJHCa,#95CBB8
lJHCbm,#95CBB8
lJHCvc,#95CBB8
lJHCvf,#95CBB8
lJHCvl,#95CBB8
lJHEP,#95CBB8
lJHL,#4db47e
lJHMB,#95CBB8
lJHMBvb,#95CBB8
lJHMBvf,#95CBB8
lJHNAvf,#95CBB8
lJHNEsc,#95CBB8
lJHNEsf,#95CBB8
lJHNEsv,#95CBB8
lJHNEvc,#95CBB8
lJHNEvf,#95CBB8
lJHNIdt,#95CBB8
lJHNIs,#95CBB8
lJHNIst,#95CBB8
lJHNIva,#95CBB8
lJHNIvb,#95CBB8
LJHPto,#ff4591
lJHsf,#95CBB8
lJHsv,#95CBB8
lJHT,#95CBB8
lJHTca,#95CBB8
lJHTs,#95CBB8
lJHTv,#95CBB8
lJHTva,#95CBB8
lJHTvb,#95CBB8
lJHTvd,#95CBB8
lJHTvf,#95CBB8
lJHU,#95CBB8
lJHva,#95CBB8
lJHvc,#95CBB8
lJHvl,#95CBB8
LJKdr,#db5700
LJKgb,#db5700
LJKgd,#db5700
LJKgr,#db5700
LJKog,#db5700
LJKP,#db5700
LJKqd,#db5700
LJKqm,#db5700
LJKto,#db5700
lJKv,#95CBB8
lJKvb,#95CBB8
lJL,#9FC6A3
LJLagr,#ff4591
LJLaqd,#ff4591
LJLaqm,#ff4591
lJLIcg,#9FC6A3
lJLIlm,#9FC6A3
lJLIsf,#9FC6A3
lJLIst,#9FC6A3
LJLKTLog,#da70d6
lJLTcg,#9FC6A3
lJLTls,#9FC6A3
lJLTsf,#9FC6A3
lJLTst,#9FC6A3
lJLTva,#9FC6A3
lJLvi.vcf,#91FFB4
lJMa,#00d163
LJMTgd,#ff4591
LJqd,#ff4591
lJR,#66c092
lJRA,#66c092
lJRE,#66c092
lJRH,#66c092
lJS,#00BE78
lJs,#66c092
lJSQ,#00BE78
lJst,#b3b25e
lJTo,#66c092
LJto,#ff4591
lJToA,#66c092
lJToAcg,#66c092
lJToAd,#66c092
lJToAdqp,#66c092
lJToAva,#66c092
lJToAvc,#66c092
lJToMc,#66c092
lJToMcg,#66c092
lJToMo,#66c092
lJToMqp,#66c092
lJToMva,#66c092
lJToMvl,#66c092
lJToS,#66c092
lJTw,#66c092
LKAMqd,#ff6347
LKAMqp,#ffb6c1
lKB,#EBDCBE
LKb,#b3df7f
LKBdr,#ff9c94
LKBfp,#ff9c94
LKBg,#ff9c94
LKBgd,#ff9c94
LKBi,#ff9c94
LKBqd,#ff9c94
LKBqm,#ff9c94
LKBqp,#ff9c94
lKBuC,#FFF7E6
lKBuCG,#FFF7E6
lKBuGe,#FFF7E6
LKCa,#ff9c94
LKCAgd,#ff9c94
lKCcg,#efe0b3
lKCDsn,#7ae000
lKcg,#b3df7f
LKCL,#ff9c94
lKCsn,#ccebc5
LKCT,#ff9c94
LKdi,#ff9c94
LKdr,#ff9c94
LKEd,#ff611f
LKEdr,#e9967a
LKEfp,#fa8072
LKEgd,#ff9c94
LKEnFLgd,#ff9c94
LKEnFLqm,#ff611f
LKEngr,#ff9c94
LKEnP,#ff9c94
LKEnqp,#ff9c94
LKEqd,#ff9c94
LKEqm,#ff611f
LKEqp,#ffb6c1
LKEt,#ff9c94
LKgb,#ff9c94
lKGca,#cfde00
lKGcg,#cfde00
LKgd,#ff9c94
LKGlgr,#ff9c94
lKGM,#cfde00
lKGP,#cfde00
LKgr,#ff9c94
lKGs,#cfde00
lKGS,#cfde00
lKGsv,#cfde00
lKGva,#cfde00
LKH,#ff9c94
LKi,#ff9c94
lKJ,#b3df7f
LKJ,#ff9c94
lKJMcg,#b3df7f
lKJMLs,#b3df7f
lKJMs,#b3df7f
lKJMsv,#b3df7f
lKJs,#b3df7f
LKKP,#ff9c94
lKLs,#efe0b3
lKMcg,#f4a460
lKMs,#8fbc8b
lKMsf,#20b2aa
lKMv,#6b8e23
lKMvs,#808000
LKNHqp,#ffa6b4
lKOca,#cfde00
LKog,#ff9c94
LKPeBgd,#ffb89d
LKPedr,#ff9c94
LKPegb,#ff9c94
LKPegd,#ff9c94
LKPeqd,#ff9c94
LKPeQgd,#ff9c94
LKPeQqd,#ff9c94
LKPto,#ff7259
LKqd,#ff9c94
lKQHI,#efe0b3
lKQL,#efe0b3
LKqm,#ff9c94
LKqp,#ff611f
lKRMPRsf,#ccebc5
lKS,#b3df7f
lKSB,#d6ff5c
lKSBca,#d6ff5c
lKSBP,#d6ff5c
lKSBPca,#d6ff5c
lKSBPva,#d6ff5c
lKSBSva,#d6ff5c
lKSca,#adff2f
lKSH,#EBDCBE
lKSK,#EBDCBE
lKSKC,#b3df7f
LKSL,#ff9c94
lKSN,#b3df7f
lKSRs,#b3df7f
lKSRv,#b3df7f
lKSRvf,#b3df7f
lKSRvk,#b3df7f
lKSs,#EBDCBE
lKSsc,#b3df7f
lKSsf,#b3df7f
lKSvf,#b3df7f
LKt,#db5700
lKTBC,#b3df7f
lKTCca,#7ae000
lKTCDs,#7ae000
lKTCEPs,#7ae000
lKTCFRvs,#7ae000
lKTCLs,#7ae000
lKTCPs,#7ae000
lKTCTCvs,#7ae000
LKTDfp,#ff9c94
LKTg,#ff9c94
LKTgd,#ff9c94
LKTLOto,#ff1493
LKto,#ff9c94
LKTpg,#ff9c94
LKTqm,#ff9c94
lKTRca,#808000
lKTRs,#daa520
LKTSfp,#ff9c94
LKWfp,#ff9c94
LKWqd,#ff9c94
lmCmsc,#e8ae97
lmJA,#66c092
lmJAs,#66c092
lmJBsc,#EBDCBE
lmJBv,#2ba600
lmJBwst,#00bdc7
lmJDMs,#a8bcdb
lmJDMsf,#8faad1
lmJH,#95CBB8
lmJHcg,#95CBB8
lmJHD,#95CBB8
lmJHEs,#95CBB8
lmJHEvf,#95CBB8
lmJHmv,#95CBB8
lmJHsf,#95CBB8
lmJHSH,#95CBB8
lmJHSHcg,#95CBB8
lmJHSHva,#95CBB8
lmJHSHvb,#95CBB8
lmJHSHvc,#95CBB8
lmJHSHvf,#95CBB8
lmJHSsf,#95CBB8
lmJHsv,#95CBB8
lmJHSvb,#95CBB8
lmJHvb,#95CBB8
lmJHvc,#95CBB8
lmJHvf,#95CBB8
lmJHvl,#95CBB8
lmJHvs,#a3ff30
lmJL,#9FC6A3
lmJLa,#00BE78
lmJLaD,#00BE78
lmJLcg,#9FC6A3
lmJLs,#00BE78
lmJLva,#00BE78
lmJMv,#2ba600
lmJMvb,#2ba600
lmJMvf,#2ba600
lmJs,#66c092
lmJva,#00d163
lmOmd,#caa7d1
lmOsf,#caa7d1
LMPCN,#d487b5
lMPSM,#c4cccf
lmTrlm,#99bdda
lmTrsf,#ccece1
lOC,#80b5d5
lOM,#80b5d5
lOS,#80b5d5
lPBS,#99bdda
lPmb,#d4b8ff
lPmc,#99bdda
lPmr,#d4b8ff
lPms,#d4b8ff
lPmv,#d4b8ff
LPnPgb,#d487b5
LPnPLLgb,#d487b5
lPrDms,#00bdc7
lPS,#99bdda
lPSlc,#99bdda
lPSlm,#99bdda
lPSvb,#99bdda
lPSvf,#99bdda
LPTrKd,#d4b8ff
LPTrKt,#d4b8ff
lPzEBF,#ccd891
LPzi,#d487b5
lPzMIgs,#80b5d5
lPzMImc,#80b5d5
lPzMIS,#80b5d5
LPzTrum,#a800b0
lSN,#e9c7e2
LTgd,#ed080f
LTmz,#ff9126
LTrBCqd,#f08080
LTrBCto,#ff9126
LTrBG,#e06600
LTrBgb,#e06600
LTrBum,#ed63fa
LTrBus,#ed63fa
LTrCdr,#dc143c
LTrCMdg,#ff9126
LTrCMqm,#ff9126
LTrCto,#dc143c
LTrdi,#ff9126
LTrdr,#e06600
LTrgb,#e06600
LTrGCBgd,#ff6347
LTrGCSqm,#ff9126
LTrgd,#e06600
LTrGMBqd,#ff6347
LTrGMGMto,#ffac8c
LTrGMMto,#e9967a
LTrGMMto.tr,#e68362
LTri,#e06600
LTrJAgb,#ff9126
LTrJAum,#ed63fa
LTrJCqm,#ff9126
LTrJCsy,#ff9126
LTrJCum,#ed63fa
LTrJdr,#ff9126
LTrJGB,#ff9126
LTrJgb,#ff9126
LTrJGBe,#ff9126
LTrJGBo,#ff9126
LTrJgd,#ff9126
LTrJGG,#ff9126
LTrJGH,#ff9126
LTrJGqp,#ff9126
LTrJHgb,#ff9126
LTrJHum,#ed63fa
LTrJIC,#ff9126
LTrJIH,#ff9126
LTrJIP,#ff9126
LTrJIS,#ff9126
LTrJqm,#ff9126
LTrJsy,#ff9126
LTrJTe,#ff9126
LTrJto,#ff9126
LTrJTpg,#ff9126
LTrJTpgd,#ff9126
LTrJTpT,#ff9126
LTrJum,#ed63fa
LTrJV,#ed63fa
LTrJW,#ed63fa
LTrKB,#ff9126
LTrMH,#e06600
LTrqd,#e06600
LTrqm,#e06600
LTrSC,#e06600
LTrSe,#e06600
lTrsf,#ccece1
LTrSMK,#e06600
LTrStdg,#e06600
LTrStgb,#e06600
LTrum,#ed63fa
LTsy,#ff9126
luKQB,#efe0b3
luKQHa,#efe0b3
luKSQcg,#7fc31c
luKSu,#FFF0D1
luKSusc,#FFF0D1
luKT,#7ae000
luKWcg,#7fc31c
luKWv,#7fc31c
luKWvf,#7fc31c
MBE,#8fc4d4
MCd,#ebadc4
mCmcg,#e8ae97
mCmdo,#e8ae97
mCmlm,#e8ae97
mCmqz,#e8ae97
MDBFogn,#fcc7db
mDEmb,#b3b25e
mDEms,#e9c7e2
mDEmv,#c4ffa8
mDEq,#e9c7e2
MDEum,#b3b25e
Mdi,#d487b5
mDlm,#cbbddc
mDO,#cbbddc
mDog,#fcc7db
mDpg,#b587fa
mDqz,#cbbddc
Mdr,#ebadc4
mDs,#cbbddc
mDSD,#80cec9
MDu,#00bdc7
MEBS,#ccd891
MEBvc,#ccd891
MF,#8091ad
Mi,#ebadc4
MiB,#ffd96e
MiCCl,#ffde00
MiCvb,#ffde00
Migd,#ed080f
Migr,#ed080f
MiMAr,#ffde00
MiML,#ffde00
MiMR,#ffde00
MiPiAv,#ffde00
MiPiAvb,#ffde00
MiPiC,#ffde00
MiPicg,#ffeb69
MiPiCO,#ffde00
MiPiCvb,#ffde00
MiPidb,#ed080f
MiPiIALsy,#cd853f
MiPiIALvt,#f4a460
MiPiICCvt,#e9967a
MiPiIDRvt,#daa520
MiPiITMvb,#ff8c00
MiPiKgd-gr,#ed080f
MiPiKgd-p,#ed080f
MiPiKqd-gd,#ed080f
MiPiKqmd-p,#ed080f
MiPiqfp,#ffc2bf
MiPiS,#FFFF00
MiPiTvk,#ffde00
MiPiva,#ffc2bf
MiPivb,#ffe880
MiPivc,#ffe880
MiPivd,#ffe880
MiPivf,#ffc2bf
MiPlAbm,#ffd96e
MiPlAvf,#ffd96e
MiPlCsc,#ffde00
MiPlCvb,#ffde00
MiPlCvl,#ffde00
MiPlH,#ffde00
MiPlL,#ffe880
Miqd,#ed080f
Miqm,#ed080f
Miv,#FFFF00
Miva,#FFFF00
Mivb,#FFFF00
Mivf,#ffd96e
MJA,#ff8cb5
MJBo,#ff8cb5
MJD,#ff8cb5
MJFO,#ff8cb5
MJfp,#ff8cb5
MJgd,#ff8cb5
MJgr,#ff8cb5
mJHEvf,#95CBB8
mJHN,#95CBB8
mJHNlm,#95CBB8
mJHNs,#95CBB8
mJHNv,#95CBB8
mJHNvc,#95CBB8
mJHNvd,#95CBB8
mJHQch,#95CBB8
mJHs,#ffe490
mJHsf,#95CBB8
mJHSms,#95CBB8
mJHSmsc,#95CBB8
mJHSmvc,#95CBB8
mJHSsn,#95CBB8
mJHvb,#95CBB8
mJHvc,#95CBB8
mJHvf,#ffdfdf
mJHvm,#a3ff30
mJHvs,#a3ff30
mJKB,#EBDCBE
mJKBcg,#EBDCBE
MJKFgr,#db5700
MJKFqp,#db5700
mJKG,#85b000
mJKK,#85b000
MJKrsy,#ff8cb5
mJKsc,#ccebc5
MJKx,#ff8cb5
mJL,#9FC6A3
mJM,#66c092
MJMc,#ff8cb5
MJNCgb,#ff8cb5
MJNgd,#ff8cb5
MJog,#ff8cb5
MJOgd,#ff8cb5
MJOlsy,#ff8cb5
MJPdr,#ff8cb5
MJPg,#ff8cb5
mJPPm,#556b2f
MJqd,#ff8cb5
MJqm,#ff8cb5
MJqp,#ff8cb5
MJSC,#ff8cb5
MJSe,#ff8cb5
MJSLB,#ff8a63
MJSLC,#ff8cb5
MJSLL,#ff8cb5
MJSLM,#ff8cb5
MJSLqd,#ff8cb5
MJSLSh,#ff8cb5
MJSLSqd,#ff8cb5
MJSLSt,#ff8cb5
MJSLSu,#ff8cb5
MJSLTi,#ff8cb5
MJSLTw,#ff8cb5
MJSm,#ff8cb5
MJSMqm,#c74000
MJSPgd,#ff8cb5
MJSPqd,#ff8cb5
MJSPsy,#ff8cb5
MJSPT,#ff8cb5
MJTgd,#ff8cb5
MJTqd,#ff8cb5
MJTSdg,#ff8cb5
MJTSdr,#ff8cb5
MJTSqm,#ff8cb5
MJTSto,#ff8cb5
MJWdg,#ff8cb5
mJY,#2ba600
MKAdg,#ff611f
MKAgb,#ff611f
MKBagr,#ff611f
MKBog,#ff611f
MKdi,#ff611f
MKdr,#ff611f
MKEgd,#ff611f
MKEqd,#ff611f
MKgb,#ff611f
mKgd,#ff611f
MKgd,#ff611f
MKGlgd,#ff611f
MKGlqd,#ff611f
MKgr,#ff611f
MKog,#ff611f
MKqd,#ff611f
MKqm,#ff611f
MKto,#ff611f
MLJBI,#ff9c94
MLJdr,#ff8cb5
MLJG,#ff8cb5
MLJgd,#ff8cb5
MLJog,#ff8cb5
MLJqd,#ff8cb5
MLJSMgr,#c74000
MLTrdr,#e06600
MLTrP,#ed63fa
MLTrqd,#e06600
MM,#8091ad
MmJBsv,#999791
MmJBum,#a800b0
MmJBus,#a800b0
mMPch,#8091ad
MN,#67b39f
mODdo,#80b5d5
mODRl,#5282CE
mODRlc,#5282CE
mODRqz,#5282CE
mODRs,#5282CE
mODRsf,#5282CE
mODRst,#5282CE
mODRv,#5282CE
MP,#8091ad
MPA,#c4cccf
MPB,#99bdda
MPBN,#99bdda
MPch,#67b39f
MPCus,#a800b0
MPKsf,#99adac
MPKv,#99adac
MPKvc,#99adac
MPls,#bac400
MPM,#a800b0
MPmd,#67b39f
MPnBFch,#99bdda
MPnBFvb,#99bdda
MPndr,#d487b5
MPNH,#8091ad
MPnLlm,#99bdda
MPnLsf,#99bdda
MPnLsv,#99bdda
MPnLus,#a800b0
MPnLvb,#99bdda
MPNP,#8091ad
mPrA,#cfa836
mPrC,#cfa836
mPrDM,#ffc900
mPrG,#cfa836
mPrGa,#cfa836
mPrH,#ffc900
mPrHC,#cfa836
mPrlm,#9c7afc
mPrml,#9c7afc
mPrPA,#ddc288
mPrPC,#ddc288
mPrPD,#ddc288
mPrPF,#ddc288
mPrPK,#ddc288
mPrPM,#ddc288
mPrPN,#ddc288
mPrPNS,#ddc288
mPrPV,#ddc288
mPrTdo,#cfa836
mPrTe,#cfa836
mPrTsc,#cfa836
MPSMDsf,#c4cccf
MPSMDv,#c4cccf
MPSMgb,#d487b5
MPSMsf,#c4cccf
MPvb,#67b39f
MR,#8091ad
MRC,#a800b0
MRE,#8091ad
MRP,#8091ad
MS,#99bdda
MSbm,#99bdda
MSlm,#99bdda
MSMDmd,#c4cccf
MSMDvb,#c4cccf
MSMmd,#c4cccf
MSR,#8091ad
MSRch,#8091ad
MSRlm,#8091ad
MSRqz,#8091ad
MSRst,#8091ad
MSRv,#8091ad
MSv,#99bdda
MSvc,#99bdda
Msy,#ebadc4
MTrBMH,#99bdda
mTrCa,#4db47e
MTrCCb,#99bdda
MTrCCdr,#ffb059
MTrCCsv,#9FA6A3
MTrCCus,#99bdda
mTrch,#ccece1
MTrCKech,#9FA6A3
MTrCKelm,#9FA6A3
MTrCKesv,#9FA6A3
mTrJCcg,#9FA6A3
mTrJCst,#9FA6A3
mTrJCva,#9FA6A3
mTrJCvf,#9FA6A3
MTrSdr,#d487b5
mTrsf,#ccece1
MTrSgb,#d487b5
MTrSgs,#99bdda
MTrSlm,#99bdda
MTrSmd,#99bdda
MTrSsf,#99bdda
MTrSum,#a800b0
MTrSv,#99bdda
MTrSvb,#99bdda
MTrSvf,#99bdda
MTrum,#ed63fa
mTrv,#ccece1
muCmA,#e8ae97
muCmC,#e8ae97
muCmCl,#e8ae97
muCmCm,#e8ae97
muCmCT,#e8ae97
muCmCu,#e8ae97
muCmE,#e8ae97
muCmFE,#e8ae97
muCmJ,#e8ae97
muCmKb,#e8ae97
muCmlm,#e8ae97
muCmLSJ,#e8ae97
muCmMBL,#e8ae97
muCmO,#e8ae97
muCmP,#e8ae97
muCmS,#e8ae97
muCmSI,#e8ae97
muCmSMW,#e8ae97
muCmT,#e8ae97
muDMdo,#99c9b0
muDMlm,#99c9b0
muDSi,#67b39f
muDSiD,#67b39f
muJBAcg,#EBDCBE
muJBAsc,#EBDCBE
muJBcg,#EBDCBE
muJBF,#2ba600
muJBsc,#EBDCBE
muJBvd,#EBDCBE
muJHca,#95CBB8
muJHM,#95CBB8
muJHmd,#95CBB8
muJHOca,#2ba600
muJHs,#95CBB8
muJHSsf,#95CBB8
muJHSvb,#95CBB8
muJRMTPs,#ccebc5
muJvb,#2ba600
muTrCVvb,#008000
muTrN,#b3b25e
muTrNbp1,#498C7C
muTrNbpv,#498C7C
muTrNcg,#498C7C
muTrNlc,#498C7C
muTrNsf,#498C7C
muTrNvs,#498C7C
muTrTlm,#3C968C
muTrTsf,#3C968C
muTrTvb,#3C968C
muTrVD,#78D2FF
muTrVDvb,#78D2FF
muTrVs,#78D2FF
muTrVsv,#78D2FF
Mzfp,#db5700
Mzgr,#db5700
Mzm,#e6a6ff
Mzpe,#db5700
Mzqm,#db5700
MzS,#e6a6ff
OA,#80b5d5
ODa,#e9c7e2
ODcg,#d9307a
ODdo,#80cec9
ODEc,#80b5d5
ODex,#d9307a
ODls,#d9307a
ODmb,#d9307a
ODmc,#d9307a
ODmf,#d9307a
ODms,#d9307a
ODmsf,#d9307a
ODmv,#99c9b0
Odo,#80b5d5
ODR,#5282CE
ODS,#99bdda
ODSM,#99bdda
ODss,#d9307a
ODt,#99c9b0
Ogb,#d9307a
OlL,#ed63fa
OlMiCo,#FFFF00
OlMigd,#ffc2bf
OlP,#ffc20a
OlPiAcg,#c8be66
OlPicg,#FEEBAC
OlPiM,#fdcc8a
OlPiMv,#ffde00
OlPiMvb,#fdcc8a
OlPiMvf,#fdcc8a
OlPiS,#FEEBAC
OlTg,#ffc2bf
OlTgr,#ffc2bf
OlTqp,#ffc2bf
OMEqz,#999791
OMEsf,#999791
OMIL,#d9307a
OMRE,#5282CE
Oqz,#80b5d5
OR,#5282CE
ORl,#5282CE
OSB,#80b5d5
OSBW,#80b5d5
OSk,#80b5d5
OSlm,#caa7d1
OSmd,#caa7d1
OSR,#5282CE
OSst,#caa7d1
OSvb,#caa7d1
Ot,#d9307a
Otr,#d9307a
OTrA,#99c9b0
OTrgs,#caa7d1
OW,#80b5d5
PA,#b3e3ee
PAls,#b3e3ee
PBELgb,#d55ece
PBELum,#da70f4
PBELvb,#ca85c8
PBEus,#a800b0
PBRog,#d4b8ff
PC,#67b39f
PCFv,#9FA6A3
PCFvb,#9FA6A3
PCFvc,#9FA6A3
Pcg,#bac400
PCgs,#80cec9
PCh,#a800b0
Pch,#67b39f
Pcs,#bac400
PCSvb,#9FA6A3
PCTe,#9FA6A3
PCus,#a800b0
PeEAcg,#eb9301
PeEAlm,#eb9301
PeEAs,#eb9301
PeEAsf,#eb9301
PeEAst,#eb9301
PeEC,#ffc2bf
PeECh,#d18200
PeEF,#ffc20a
PeEfp,#ffc2bf
PeEgd,#ffc2bf
PeEgr,#ffc2bf
PeEMHgb,#ffc2bf
PeEMMvb,#ffc20a
PeEMSDdb,#ffc2bf
PeEMSgb,#ffc2bf
PeEqm,#ffc2bf
PeEs,#d18200
PeEShgr,#ffc2bf
PeEShmi,#ffc2bf
PeEShqd,#ffc2bf
PeEShqp,#ffc2bf
PeESTgr,#ffc2bf
PeEsy,#ffc2bf
PeEvf,#eaad43
Pefp,#ffc2bf
PeFPcg,#85dd00
Pegd,#ffc2bf
Peqm,#ffc2bf
PeR,#FFF0D1
PeTgd,#ffb6c1
Pevb,#eaad43
Pevd,#eaad43
Pgb,#d4b8ff
Pi,#ffc2bf
PiHoGv,#ffe880
PiHoGvb,#ffe880
PiHoMa,#fdcc8a
PiMN,#ffde00
PiMS,#ffde00
PiPlITvb,#d2b48c
PiPlITvt,#f5deb3
PiPlsv,#ffe880
Pivk,#FEEBAC
PJCS,#9FA6A3
PJdr,#d4b8ff
PJHs,#00dbcc
PJHvb,#00dbcc
PJog,#d4b8ff
PJSdr,#d4b8ff
PJSgs,#00dbcc
PJSto,#d4b8ff
PJum,#a800b0
PJV,#dbccf7
PJVml,#dbccf7
PJVms,#dbccf7
PL,#99bdda
Pls,#f2d49c
PlTrTCs,#66c092
Plvb,#ffff4d
PlWGvb,#f0e68c
Pma,#99bdda
Pnch,#c4cccf
PNgqp,#d4b8ff
PnJCgs,#9FA6A3
PnlJCCch,#9FA6A3
PnlJCClm,#9FA6A3
PnlJCCsv,#9FA6A3
PnlJCCum,#b475ec
PnlJCCvb,#8fbc8b
Pnlm,#67b39f
PnPBM,#99bdda
PnPC,#689fca
PnPgb,#d487b5
PnPL,#99bdda
PnPlm,#67b39f
PnPml,#b587fa
PnPog,#d487b5
PnPR,#b3e3ee
PnPSC,#689fca
PnPSDch,#c4cccf
PnPSDlm,#c4cccf
PnPSDsv,#c4cccf
PnPSDvb,#c4cccf
PnPsv,#99bdda
PnPvb,#67b39f
PnScg,#99bdda
PnSdo,#99bdda
PnSlm,#99bdda
PnSNa,#99bdda
PnSsf,#99bdda
PnSsv,#99bdda
PnSv,#99bdda
PnSvc,#99bdda
PnTrCbs,#9FA6A3
PnTrCC,#9FA6A3
PnTrClm,#9FA6A3
PnTrCmd,#9FA6A3
PnTrCP,#9FA6A3
PnTrCPma,#9FA6A3
PnTrCPvb,#9FA6A3
PnTrCS,#9FA6A3
PnTrCSs,#9FA6A3
PnTrCSvb,#9FA6A3
PnTrCTum,#a800b0
PnTrCTus,#a800b0
PnTrCvb,#9FA6A3
Pqss,#99bdda
PrDRmy,#9c7afc
PrDRs,#00bdc7
PrDRv,#1c9e4d
PrG,#9c7afc
PrPzlm,#ab7d00
PrPzm,#dbccf7
PrPzMm,#dbccf7
PrPzMmc,#dbccf7
PrPzMpg,#dbccf7
PrPzMqz,#dbccf7
PrPzms_mv,#ffdeed
PrPzpg,#dbccf7
PrPzs,#ab7d00
PrPzShlm,#80b5d5
PrPzShm,#ffdeed
PrPzShqz,#80b5d5
PrPzY,#ffdeed
Ps,#99bdda
PSB,#f2d49c
PSch,#99bdda
PSHHum,#a800b0
PSHSM,#b05fd8
PSHSMgb,#c71585
PSHSMum,#9400d3
PSL,#f2d49c
PSlm,#99bdda
PSMBdb,#d4b8ff
PSMBgb,#d4b8ff
PSMBus,#a800b0
PSMUec,#a800b0
PSMUgb,#d4b8ff
PTrCch,#9FA6A3
PTrCCMClm,#9FA6A3
PTrClm,#9FA6A3
PTrCRdb,#d4b8ff
PTrCRgb,#d4b8ff
PTrCRgs,#d4b8ff
PTrCRto,#d4b8ff
PTrCSgs,#9FA6A3
PTrCSlm,#9FA6A3
PTrCsv,#9FA6A3
PTrCSvb,#9FA6A3
PTrCTum,#a800b0
PTrCTus,#a800b0
PTrCum,#a800b0
PTrCvb,#9FA6A3
PTrE,#99bdda
PTrgs,#b3b25e
PTrMdr,#d4b8ff
PTrMgd,#d4b8ff
PTrMml,#dbccf7
PTrs,#b3b25e
PTrS,#99c9b0
PTrva,#67b39f
PTrVVbm,#556b2f
PTrWto,#ee4a6b
Pum,#99c9b0
PV,#b587fa
Pvf,#689fca
Pvs,#cbcdc8
Pvs_alt,#99bdda
PzDl,#00bdc7
PzDum,#a800b0
Pzgr,#d9307a
Pzgs,#dbccf7
PzJWg,#ff8cb5
PzJWm,#ff8cb5
PzJWml,#dbccf7
PzKsf,#b3e3ee
PzKst,#b3e3ee
PzKvb,#1c9e4d
Pzlm,#dbccf7
PzMzAgs,#f060b3
PzMzAog,#f060b3
PzMzcg,#67b39f
PzMzCS,#cbbddc
PzMzdr,#ffdeed
PzMzgb,#ffdeed
PzMzGm,#cbbddc
PzMzgs,#dbccf7
PzMzlm,#67b39f
PzMzm,#dbccf7
PzMzma,#ffdeed
PzMzms,#ffdeed
PzMzog,#ffdeed
PzMzpg,#dbccf7
PzMzst,#caa7d1
PzMzum,#a800b0
PzMzvb,#caa7d1
PzNgCGms,#ffdeed
PzNgum,#ffdeed
Pzog,#d9307a
PzS,#dcabaa
Pzs,#80b5d5
PzSB,#dcabaa
PzSGP,#dcabaa
PzSgs,#dcabaa
PzSHM,#dcabaa
PzSHMls,#dcabaa
PzSHR,#dcabaa
PzSHRv,#dcabaa
PzSIM,#dcabaa
PzTCmc,#dbccf7
PzTCml,#dbccf7
PzTCmm,#dbccf7
PzTCog,#ffdeed
PzTog,#ffdeed
PzTrch,#99d8d8
PzTrsf,#99d8d8
PzTrsv,#99d8d8
QLc,#ffff4d
QLi,#ffff4d
QM,#ffde00
QMAc,#ffde00
QME,#ffde00
QMI,#ffde00
QMKa,#ffde00
QMKl,#ffde00
QMPi,#ffde00
QMPy,#ffde00
Qs,#ffff4d
QT,#FFFF4D
Qv,#ffd96e
Qvb,#ffff4d
Qvk,#ffff4d
SDD,#e9c7e2
SDEmp,#e9c7e2
SDlm,#80b5d5
SDls,#80b5d5
SDM,#e9c7e2
SDMSD,#e9c7e2
SDNMW,#e9c7e2
SDOCmp,#d9307a
SDP,#e9c7e2
SDRa,#99bdda
SDRu,#5282CE
SDS,#80b5d5
SDSRch,#8091ad
SDSRlc,#8091ad
SDSRM,#99bdda
SDSRqz,#8091ad
SDSRsc,#8091ad
SDSRsf,#8091ad
SDTlm,#80b5d5
SDTqz,#80b5d5
SDTs,#80b5d5
SDW,#80b5d5
Slc,#80b5d5
SMEmp,#e9c7e2
SNgs,#e9c7e2
SNlm,#e9c7e2
SNqz,#e9c7e2
SPcg,#80b5d5
SPch,#80b5d5
SPlc,#80b5d5
SPlm,#80b5d5
SPls,#80b5d5
SPmd,#80b5d5
SPs,#80b5d5
SPst,#80b5d5
SPva,#80b5d5
SPvb,#80b5d5
Ssy,#d9307a
Svk,#99bdda
TB,#ffff4d
TEgd,#ffc2bf
Tfp,#ffc2bf
Tg,#ffc2bf
Tgd,#ffc2bf
Tgr,#ffc2bf
TJsy,#ff9126
TK,#d18200
Tmc,#99c9b0
Tqm,#ffc2bf
Tqp,#ffc2bf
TrA,#99c9b0
TrB,#94ffb0
TrBP,#78D2FF
Trcg,#00dbcc
TrCSva,#9FA6A3
TrCW,#9FA6A3
Trdg,#e06600
TrG,#94ffb0
Trgb,#e06600
TrI,#99c9b0
TrJB,#ff9126
TrJBap,#64F0B4
TrJBdb,#64F0B4
TrJdr,#ff9126
TrJdr-sy,#ff9126
TrJg,#ff9126
TrJgs,#2ba600
TrJH,#95CBB8
TrJi,#ff9126
TrJIk,#ff9126
TrJJ,#ff9126
TrJN,#498C7C
TrJNO,#498C7C
TrJNRs,#ffe490
TrJqm,#ff9126
TrJsy,#ff9126
TrJTABCgd,#ff7c4a
TrJTABLgb,#ff8c00
TrJTgs,#dbccf7
TrJTpg,#dbccf7
TrJTvb,#3C968C
TrJTvf,#3C968C
TrJY,#ccebc5
TrKgr,#ff9126
TrKim,#b5bf35
TrKP,#7fad51
TrKPv,#1c9e4d
TrKsf,#99adac
TrL,#94ffb0
Trlc,#F1FCD6
TrLCs,#94ffb0
Trlm,#94ffb0
TrLu,#78D2FF
Trms_mv,#e06600
Trog,#e06600
TrP,#78D2FF
TrRls,#99adac
Trs,#94ffb0
TrSlc,#78D2FF
TrSLlc,#78D2FF
TrSLsf,#78D2FF
TrSP,#00BE78
TrSRlm,#78D2FF
TrSRS,#94ffb0
TrSRsf,#94ffb0
TrSRW,#78D2FF
TrTd,#94ffb0
TrTdr,#ff9126
TrTg,#ff9126
TrTgd,#ff9126
TrTGlc,#78D2FF
TrTqd,#ff9126
Tv,#FEEBAC
uCmK,#d4bfcc
uCmLy,#80b5d5
uCmOK,#d4bfcc
uCmOKR,#d4bfcc
uCMOsf,#caa7d1
uCmOvb,#d4bfcc
uDB,#8fc4d4
uDFl,#cbbddc
uDM,#cbbddc
uDPa,#cbbddc
uDPe,#cbbddc
uDSiM,#67b39f
uDSiN,#67b39f
uDuMBS,#80b5d5
uDuMBScg,#80b5d5
uDuMBSch,#80b5d5
uDuMBSlm,#80b5d5
uDuMBSqz,#80b5d5
uDuMBSs,#80b5d5
uDuMBSsc,#80b5d5
uDuMBSst,#80b5d5
uDuMBSva,#80b5d5
uDuMBSvb,#80b5d5
uDuMBSvd,#80b5d5
uEB,#EAAD43
UJB,#EBDCBE
uJBAm,#EBDCBE
uJBAmcg,#EBDCBE
uJBAmsc,#EBDCBE
uJBAmst,#EBDCBE
uJBi,#4db47e
uJBT,#EBDCBE
uJBv,#2ba600
uJBvd,#2ba600
uJKBGG,#EBDCBE
uJKBJC,#EBDCBE
uJKBS,#EBDCBE
uJKBu,#EBDCBE
uJKDst,#85b000
uJKDvb,#85b000
uJKe,#4db47e
uJKM,#ccebc5
uJKMB,#ccebc5
uJKMG,#ccebc5
uJKMM,#ccebc5
uJKMu,#ccebc5
uJKW,#7fc31c
uJTh,#ccebc5
uKA,#def197
uKD,#FFF0D1
uKEsc,#d18200
uKESu,#FFF0D1
uKESuB,#FFF0D1
uKESuT,#FFF0D1
uKEvf,#eaad43
uKEWmc,#e6a6ff
uKEWpg,#e6a6ff
uKK,#def197
uKKo,#F1FCD6
uKKsc,#def197
uKN,#f0ead7
uKNHv,#59c88b
uKNs,#f0ead7
uKNSs,#f0ead7
uKPCcg,#deffad
uKPCv,#deffad
uKPCvl,#deffad
uKQBcg,#f0ead7
uKQBsn,#f0ead7
uKQG,#f0ead7
uKQHo,#f0ead7
uKQS,#f0ead7
uKQs,#f0ead7
uKQsf,#f0ead7
uKQT,#f0ead7
UKS,#EBDCBE
uKs,#def197
UKSc,#b3df7f
uKSmCa,#FFFBF0
uKSmK,#F1FCD6
uKSmL,#F1FCD6
uKSmMa,#FFFBF0
uKSmMu,#F1FCD6
uKSmP,#F1FCD6
UKSs,#EBDCBE
uKSu,#FFF0D1
uKTS,#FFF0D1
uKTU,#FFF0D1
uKva,#def197
uKvf,#def197
uKWa,#FFF0D1
uMPCec,#a800b0
uMPCH,#9FA6A3
uMPCN,#9FA6A3
uMPCum,#a800b0
uMPM,#99bdda
unknown,#dcdcdc
uPJC,#9FA6A3
uPJCKI,#9FA6A3
uPlm,#67b39f
uPma,#f2d49c
uPmc,#bac400
uPmTrVVgd,#dc143c
uPrCC,#A07C78
uPrCI,#A07C78
uPrCIC,#A07C78
uPrCmCM,#A07C78
uPrCmCr,#fff0d1
uPrCmCY,#A07C78
uPrCmCYM,#A07C78
uPrCmCYMD,#A07C78
uPrCmE,#fff0d1
uPrCmEBG,#ccd891
uPrCmEBpg,#ccd891
uPrCmEC,#fff0d1
uPrCmGJ,#ab7d00
uPrCmGM,#ab7d00
uPrCmH,#f2d49c
uPrCmISB,#caa595
uPrCmMA,#ab7d00
uPrCmMC,#caa595
uPrCmMqz,#b28653
uPrCmMsf,#b28653
uPrCmmy,#9c7afc
uPrCmN,#cfa836
uPrCmTA,#A07C78
uPrCYa,#A07C78
uPrD,#caa595
uPrHL,#caa595
uPrHlm,#caa595
uPrHm,#caa595
uPrHM,#caa595
uPrHqz,#caa595
uPrHS,#caa595
uPrHsc,#caa595
uPrHsf,#caa595
uPrHy,#f2d49c
uPrI,#caa595
uPrIE,#caa595
uPrIlm,#caa595
uPrImd,#caa595
uPrImm,#caa595
uPrIpg,#caa595
uPrIqz,#caa595
uPrIS,#caa595
uPrIsf,#caa595
uPrISTmm,#caa595
uPrISTsf,#caa595
uPrISwqz,#caa595
uPrISwst,#caa595
uPrIT,#caa595
uPrK,#CAA595
uPrKL,#CAA595
uPrKLlm,#CAA595
uPrKLsf,#CAA595
uPrKM,#CAA595
uPrKs,#CAA595
uPrKU,#CAA595
uPrM,#b28653
uPrMcg,#b28653
uPrMCm,#caa595
uPrMCsc,#caa595
uPrMCsf,#caa595
uPrMgs,#b28653
uPrMiB,#CBA46C
uPrMiL,#CBA46C
uPrMim,#CBA46C
uPrMiM,#CBA46C
uPrMiml,#CBA46C
uPrMiMm,#CBA46C
uPrMiMum,#CBA46C
uPrMiO,#CBA46C
uPrMiU,#CBA46C
uPrMlm,#b28653
uPrMMi,#b28653
uPrMsc,#CBA46C
uPrMsf,#b28653
uPrpg,#9c7afc
uPrPzB,#ab7d00
uPrPzEB,#ccd891
uPrPzEBGms,#ccd891
uPrPzEBlm,#ccd891
uPrPzMISC,#80b5d5
uPrPzS,#dcabaa
uPrPzSD,#dcabaa
uPrPzSDlm,#dcabaa
uPrPzSDv,#dcabaa
uPrPzSK,#dcabaa
uPrPzSKK,#dcabaa
uPrPzSKls,#dcabaa
uPrPzSKv,#dcabaa
uPrPzSms,#dcabaa
uPrPzSR,#dcabaa
uPrPzST,#dcabaa
uPrPzSTM,#dcabaa
uPrqz,#dcabaa
uPrW,#cba46c
uPrWI,#cba46c
uPrWM,#cba46c
uPrWT,#cba46c
uPrWTMI,#cba46c
uPrWTS,#cba46c
uPS,#99bdda
uPTrK,#67b39f
uPTrKbm,#67b39f
uPTrKm,#00dbcc
uPTrKst,#99bdda
uPTrKv,#67b39f
uPTrKvb,#67b39f
uPTrKvc,#67b39f
uPTrKvf,#67b39f
uPWbm,#556b2f
uPzB,#a800b0
uPzC,#a800b0
uPzd,#d487b5
uPzJGgs,#cbbddc
uPzJGmy,#cbbddc
uPzsc,#00bdc7
uPzW,#d487b5
uTKb,#50B47D
uTrBP,#ffe490
uTrBPlc,#ffe490
uTrBPvb.fx,#64F0B4
uTrBPvb.px,#64F0B4
uTrBPvb.vcx,#64F0B4
uTrBPvf,#64F0B4
uTrBPvi.vc,#64F0B4
uTrBPvi.vca,#64F0B4
uTrBPvi.vcx,#64F0B4
uTrBPvm.vc,#64F0B4
uTrBPvs,#64F0B4
uTrCgs,#ccece1
uTrChev,#99d7be
uTrCHlm,#4682b4
uTrChlm,#99d7be
uTrCHsc,#ccece1
uTrCL,#94ffb0
uTrCsv,#ccece1
uTrCv,#ccece1
uTrHTcg,#95CBB8
uTrHTvf,#95CBB8
uTrJcg,#ccece1
uTrJCR,#e6a6ff
uTrJCu,#ccece1
uTrJK,#ccece1
uTrJKP,#ccece1
uTrJKS,#ccece1
uTrJM,#99d7be
uTrJN,#498C7C
uTrJs,#b3b25e
uTrJSlm,#00dbcc
uTrJSs,#00dbcc
uTrJss,#bac400
uTrJsv,#ccece1
uTrJT,#3C968C
uTrJTcg,#3C968C
uTrJTst,#3C968C
uTrJTz,#3C968C
uTrJTzlm,#b3b25e
uTrJv,#ccece1
uTrJvk,#ccece1
uTrKSa,#ccece1
uTrlJB,#64F0B4
uTrlJBBcg,#ffe490
uTrlJBPvs,#64F0B4
uTrlJBv,#64F0B4
uTrlJBvb.ap,#64F0B4
uTrlJBvf,#64F0B4
uTrlJBvf.vc,#64F0B4
uTrlJBvs,#64F0B4
uTrlJBYlc,#ffe490
uTrlJHTs,#95CBB8
uTrlJHTsn,#95CBB8
uTrlJHTva,#95CBB8
uTrlJHTva.x,#95CBB8
uTrlJHTvf,#95CBB8
uTrlm,#ccece1
uTrMMvm,#4db47e
uTrMOvc,#ccece1
uTrN,#498C7C
uTrNab,#498C7C
uTrNC,#498C7C
uTrNE,#498C7C
uTrNk,#4db47e
uTrNlm,#498C7C
uTrNls,#498C7C
uTrNml,#498C7C
uTrNpb,#498C7C
uTrNppbb,#498C7C
uTrNsc,#498C7C
uTrNsf,#498C7C
uTrNsv,#498C7C
uTrNsvb,#498C7C
uTrNsvc,#498C7C
uTrNsvpb,#498C7C
uTrNva,#498C7C
uTrNvb,#498C7C
uTrNvb.f,#498C7C
uTrNvb.ph,#498C7C
uTrNvf,#498C7C
uTrNW,#498C7C
uTrSca,#3C968C
uTrScg,#3C968C
uTrSgs,#dbccf7
uTrSlm,#3C968C
uTrSls,#00dbcc
uTrSlsf,#78D2FF
uTrSMD,#c4cccf
uTrSs,#3C968C
uTrSsc,#3C968C
uTrSsf,#3C968C
uTrSst,#3C968C
uTrSsv,#3C968C
uTrSv,#3C968C
uTrsv,#ccece1
uTrSva,#3C968C
uTrSvb,#3C968C
uTrSvc,#3C968C
uTrSvf,#3C968C
uTrTa,#1c9e4d
uTrTaca,#1c9e4d
uTrTals,#1c9e4d
uTrTalv,#1c9e4d
uTrTaml,#1c9e4d
uTrTamv,#1c9e4d
uTrTauv,#1c9e4d
uTrTca,#3C968C
uTrTD,#3C968C
uTrTI,#3C968C
uTrTlm,#3C968C
uTrTls,#3C968C
uTrTM,#3C968C
uTrTmd,#3C968C
uTrTN,#3C968C
uTrTSa,#3C968C
uTrTsc,#ccece1
uTrTsf,#3C968C
uTrTSh,#3C968C
uTrTSm,#3C968C
uTrTv,#3C968C
uTrTva,#3C968C
uTrTvb,#3C968C
uTrTvc,#3C968C
uTrTvl,#3C968C
uTrTW,#3C968C
uTrTWppbb,#3C968C
uTrv,#bac400
uTrVKFls,#ccece1
uTrVKFvb.f,#50B47D
uTrVKFvb.fx,#50B47D
uTrVKFvb.h,#50B47D
uTrVKFvb.hx,#50B47D
uTrVKFvb.p,#50B47D
uTrVKFvb.px,#50B47D
uTrVKHvb.f,#50B47D
uTrVKHvb.h,#50B47D
uTrVKHvb.p,#50B47D
uTrVKPvb.h,#50B47D
uTrVKPvb.p,#50B47D
uTrVKQ,#50B47D
uTrVKvb,#50B47D
uTrVP,#78D2FF
uTrVQ,#78D2FF
uTrVQBPs,#ccece1
uTrVQls,#ccece1
uTrWva,#4db47e
uTrWvc,#4db47e
waterbody,#FFFFFF
